Principal gender equality,Principal all climate,Principal disability,value,total,country,percentage,label
FALSE,TRUE,FALSE,101226424768,1446289257999,Ethiopia,0.0699904422356361,Climate change
FALSE,FALSE,TRUE,88425947,1446289257999,Ethiopia,6.11398767645837e-05,Disability
TRUE,FALSE,FALSE,12778675,1446289257999,Ethiopia,8.83549050048247e-06,Gender
FALSE,TRUE,FALSE,821293557505,19098354851073,Kenya,0.0430033667250066,Climate change
TRUE,FALSE,FALSE,19511778910,19098354851073,Kenya,0.001021647103227,Gender
FALSE,TRUE,FALSE,998090776960.375,131056488747645,Uganda,0.00761572957201869,Climate change
FALSE,FALSE,TRUE,23726000,131056488747645,Uganda,1.81036438765618e-07,Disability
TRUE,FALSE,FALSE,4e+07,131056488747645,Uganda,3.05211900473099e-07,Gender
