Principal gender equality,Principal all climate,Principal disability,value,total,country,percentage,label
FALSE,TRUE,FALSE,113038382103,1651599978567,Ethiopia,0.0684417435032162,Climate change
FALSE,FALSE,TRUE,113842647,1651599978567,Ethiopia,6.89287045757744e-05,Disability
TRUE,FALSE,FALSE,18043675,1651599978567,Ethiopia,1.09249668407331e-05,Gender
FALSE,TRUE,FALSE,821293557505,19098354851073,Kenya,0.0430033667250066,Climate change
TRUE,FALSE,FALSE,19511778910,19098354851073,Kenya,0.001021647103227,Gender
FALSE,TRUE,FALSE,998090776960.375,131056488747645,Uganda,0.00761572957201869,Climate change
FALSE,FALSE,TRUE,23726000,131056488747645,Uganda,1.81036438765618e-07,Disability
TRUE,FALSE,FALSE,4e+07,131056488747645,Uganda,3.05211900473099e-07,Gender
